0.17457;3675.17
0.17458;71456.4
0.17459;181506
0.1746;321120
0.17461;484962
0.17462;669829
0.17463;873506
0.17464;1.09433e+06
0.17465;1.33099e+06
0.17466;1.5824e+06
0.17467;1.84765e+06
0.17468;2.12595e+06
0.17469;2.41658e+06
0.1747;2.71891e+06
0.17471;3.03237e+06
0.17472;3.35642e+06
0.17473;3.69055e+06
0.17474;4.03429e+06
0.17475;4.3872e+06
0.17476;4.74883e+06
0.17477;5.11878e+06
0.17478;5.49663e+06
0.17479;5.88199e+06
0.1748;6.27447e+06
0.17481;6.67368e+06
0.17482;7.07926e+06
0.17483;7.49082e+06
0.17484;7.90799e+06
0.17485;8.33041e+06
0.17486;8.7577e+06
0.17487;9.18949e+06
0.17488;9.62542e+06
0.17489;1.00651e+07
0.1749;1.05082e+07
0.17491;1.09543e+07
0.17492;1.14031e+07
0.17493;1.18541e+07
0.17494;1.2307e+07
0.17495;1.27615e+07
0.17496;1.3217e+07
0.17497;1.36734e+07
0.17498;1.41301e+07
0.17499;1.45867e+07
0.175;1.5043e+07
0.17501;1.54984e+07
0.17502;1.59527e+07
0.17503;1.64054e+07
0.17504;1.6856e+07
0.17505;1.73043e+07
0.17506;1.77499e+07
0.17507;1.81922e+07
0.17508;1.86309e+07
0.17509;1.90657e+07
0.1751;1.94961e+07
0.17511;1.99217e+07
0.17512;2.03421e+07
0.17513;2.07569e+07
0.17514;2.11657e+07
0.17515;2.15682e+07
0.17516;2.19638e+07
0.17517;2.23523e+07
0.17518;2.27332e+07
0.17519;2.31062e+07
0.1752;2.34708e+07
0.17521;2.38267e+07
0.17522;2.41735e+07
0.17523;2.45107e+07
0.17524;2.48382e+07
0.17525;2.51554e+07
0.17526;2.5462e+07
0.17527;2.57577e+07
0.17528;2.60421e+07
0.17529;2.63148e+07
0.1753;2.65756e+07
0.17531;2.6824e+07
0.17532;2.70598e+07
0.17533;2.72827e+07
0.17534;2.74923e+07
0.17535;2.76884e+07
0.17536;2.78706e+07
0.17537;2.80387e+07
0.17538;2.81924e+07
0.17539;2.83315e+07
0.1754;2.84556e+07
0.17541;2.85646e+07
0.17542;2.86583e+07
0.17543;2.87363e+07
0.17544;2.87985e+07
0.17545;2.88448e+07
0.17546;2.88749e+07
0.17547;2.88886e+07
0.17548;2.88858e+07
0.17549;2.88664e+07
0.1755;2.88303e+07
0.17551;2.87772e+07
0.17552;2.87072e+07
0.17553;2.86201e+07
0.17554;2.85158e+07
0.17555;2.83944e+07
0.17556;2.82557e+07
0.17557;2.80998e+07
0.17558;2.79265e+07
0.17559;2.7736e+07
0.1756;2.75282e+07
0.17561;2.73032e+07
0.17562;2.7061e+07
0.17563;2.68016e+07
0.17564;2.65253e+07
0.17565;2.62319e+07
0.17566;2.59218e+07
0.17567;2.55949e+07
0.17568;2.52515e+07
0.17569;2.48916e+07
0.1757;2.45155e+07
0.17571;2.41234e+07
0.17572;2.37154e+07
0.17573;2.32918e+07
0.17574;2.28527e+07
0.17575;2.23985e+07
0.17576;2.19295e+07
0.17577;2.14458e+07
0.17578;2.09478e+07
0.17579;2.04358e+07
0.1758;1.99101e+07
0.17581;1.9371e+07
0.17582;1.88189e+07
0.17583;1.82541e+07
0.17584;1.7677e+07
0.17585;1.70881e+07
0.17586;1.64876e+07
0.17587;1.5876e+07
0.17588;1.52537e+07
0.17589;1.46211e+07
0.1759;1.39787e+07
0.17591;1.33269e+07
0.17592;1.26662e+07
0.17593;1.19971e+07
0.17594;1.13199e+07
0.17595;1.06353e+07
0.17596;9.94358e+06
0.17597;9.24538e+06
0.17598;8.54115e+06
0.17599;7.83141e+06
0.176;7.11667e+06
0.17601;6.39744e+06
0.17602;5.67426e+06
0.17603;4.94764e+06
0.17604;4.2181e+06
0.17605;3.4862e+06
0.17606;2.75245e+06
0.17607;2.01739e+06
0.17608;1.28156e+06
0.17609;545489
0.1761;-190283
0.17611;-925222
0.17612;-1.6588e+06
0.17613;-2.39048e+06
0.17614;-3.11973e+06
0.17615;-3.84603e+06
0.17616;-4.56887e+06
0.17617;-5.28771e+06
0.17618;-6.00205e+06
0.17619;-6.71138e+06
0.1762;-7.41521e+06
0.17621;-8.11302e+06
0.17622;-8.80435e+06
0.17623;-9.48869e+06
0.17624;-1.01656e+07
0.17625;-1.08346e+07
0.17626;-1.14952e+07
0.17627;-1.2147e+07
0.17628;-1.27896e+07
0.17629;-1.34224e+07
0.1763;-1.40452e+07
0.17631;-1.46575e+07
0.17632;-1.52588e+07
0.17633;-1.58489e+07
0.17634;-1.64274e+07
0.17635;-1.69938e+07
0.17636;-1.75479e+07
0.17637;-1.80893e+07
0.17638;-1.86177e+07
0.17639;-1.91328e+07
0.1764;-1.96343e+07
0.17641;-2.01219e+07
0.17642;-2.05954e+07
0.17643;-2.10544e+07
0.17644;-2.14989e+07
0.17645;-2.19285e+07
0.17646;-2.2343e+07
0.17647;-2.27423e+07
0.17648;-2.31261e+07
0.17649;-2.34944e+07
0.1765;-2.38469e+07
0.17651;-2.41836e+07
0.17652;-2.45042e+07
0.17653;-2.48088e+07
0.17654;-2.50972e+07
0.17655;-2.53694e+07
0.17656;-2.56252e+07
0.17657;-2.58648e+07
0.17658;-2.60879e+07
0.17659;-2.62946e+07
0.1766;-2.64849e+07
0.17661;-2.66589e+07
0.17662;-2.68164e+07
0.17663;-2.69577e+07
0.17664;-2.70826e+07
0.17665;-2.71914e+07
0.17666;-2.7284e+07
0.17667;-2.73605e+07
0.17668;-2.7421e+07
0.17669;-2.74657e+07
0.1767;-2.74945e+07
0.17671;-2.75078e+07
0.17672;-2.75055e+07
0.17673;-2.74877e+07
0.17674;-2.74547e+07
0.17675;-2.74065e+07
0.17676;-2.73433e+07
0.17677;-2.72651e+07
0.17678;-2.71721e+07
0.17679;-2.70643e+07
0.1768;-2.69417e+07
0.17681;-2.68043e+07
0.17682;-2.66519e+07
0.17683;-2.64841e+07
0.17684;-2.62998e+07
0.17685;-2.60956e+07
0.17686;-2.58699e+07
0.17687;-2.56371e+07
0.17688;-2.53973e+07
0.17689;-2.51509e+07
0.1769;-2.48979e+07
0.17691;-2.46388e+07
0.17692;-2.43736e+07
0.17693;-2.41026e+07
0.17694;-2.38261e+07
0.17695;-2.35443e+07
0.17696;-2.32574e+07
0.17697;-2.29657e+07
0.17698;-2.26695e+07
0.17699;-2.23689e+07
0.177;-2.20642e+07
0.17701;-2.17558e+07
0.17702;-2.14437e+07
0.17703;-2.11283e+07
0.17704;-2.08099e+07
0.17705;-2.04886e+07
0.17706;-2.01647e+07
0.17707;-1.98385e+07
0.17708;-1.95102e+07
0.17709;-1.918e+07
0.1771;-1.88483e+07
0.17711;-1.85151e+07
0.17712;-1.81809e+07
0.17713;-1.78458e+07
0.17714;-1.751e+07
0.17715;-1.71737e+07
0.17716;-1.68373e+07
0.17717;-1.65009e+07
0.17718;-1.61647e+07
0.17719;-1.5829e+07
0.1772;-1.5494e+07
0.17721;-1.51598e+07
0.17722;-1.48267e+07
0.17723;-1.44949e+07
0.17724;-1.41645e+07
0.17725;-1.38358e+07
0.17726;-1.3509e+07
0.17727;-1.31841e+07
0.17728;-1.28615e+07
0.17729;-1.25413e+07
0.1773;-1.22235e+07
0.17731;-1.19085e+07
0.17732;-1.15963e+07
0.17733;-1.1287e+07
0.17734;-1.09809e+07
0.17735;-1.06781e+07
0.17736;-1.03787e+07
0.17737;-1.00828e+07
0.17738;-9.79047e+06
0.17739;-9.50193e+06
0.1774;-9.21724e+06
0.17741;-8.93651e+06
0.17742;-8.65982e+06
0.17743;-8.38727e+06
0.17744;-8.11894e+06
0.17745;-7.8549e+06
0.17746;-7.59523e+06
0.17747;-7.34e+06
0.17748;-7.08926e+06
0.17749;-6.84306e+06
0.1775;-6.60146e+06
0.17751;-6.36451e+06
0.17752;-6.13223e+06
0.17753;-5.90466e+06
0.17754;-5.68183e+06
0.17755;-5.46376e+06
0.17756;-5.25048e+06
0.17757;-5.04198e+06
0.17758;-4.83829e+06
0.17759;-4.63939e+06
0.1776;-4.44531e+06
0.17761;-4.25602e+06
0.17762;-4.07152e+06
0.17763;-3.89179e+06
0.17764;-3.71682e+06
0.17765;-3.54658e+06
0.17766;-3.38106e+06
0.17767;-3.22022e+06
0.17768;-3.06402e+06
0.17769;-2.91245e+06
0.1777;-2.76544e+06
0.17771;-2.62297e+06
0.17772;-2.48499e+06
0.17773;-2.35146e+06
0.17774;-2.22232e+06
0.17775;-2.09752e+06
0.17776;-1.97701e+06
0.17777;-1.86073e+06
0.17778;-1.74863e+06
0.17779;-1.64064e+06
0.1778;-1.53671e+06
0.17781;-1.43677e+06
0.17782;-1.34077e+06
0.17783;-1.24862e+06
0.17784;-1.16028e+06
0.17785;-1.07567e+06
0.17786;-994725
0.17787;-917382
0.17788;-843572
0.17789;-773230
0.1779;-706287
0.17791;-642677
0.17792;-582337
0.17793;-525200
0.17794;-471204
0.17795;-420289
0.17796;-372394
0.17797;-327463
0.17798;-285442
0.17799;-246283
0.178;-209941
0.17801;-176377
0.17802;-145562
0.17803;-117476
0.17804;-92112.9
0.17805;-69489.6
0.17806;-49652.4
0.17807;-32698.5
0.17808;-18819.5
0.17809;-8421.8
0.1781;-2844.6
0.17811;-2838.28
0.17812;-2837.44
0.17813;-2836.6
0.17814;-2835.75
0.17815;-2834.91
0.17816;-2834.07
0.17817;-2833.22
0.17818;-2832.38
0.17819;-2831.54
0.1782;-2830.69
0.17821;-2829.85
0.17822;-2829.01
0.17823;-2828.16
0.17824;-2827.32
0.17825;-2826.48
0.17826;-2825.63
0.17827;-2824.79
0.17828;-2823.95
0.17829;-2823.1
0.1783;-2822.26
0.17831;-2821.42
0.17832;-2820.57
0.17833;-2819.73
0.17834;-2818.89
0.17835;-2818.04
0.17836;-2817.2
0.17837;-2816.36
0.17838;-2815.51
0.17839;-2814.67
0.1784;-2813.83
0.17841;-2812.98
0.17842;-2812.14
0.17843;-2811.29
0.17844;-2810.45
0.17845;-2809.61
0.17846;-2808.76
0.17847;-2807.92
0.17848;-2807.07
0.17849;-2806.23
0.1785;-2805.39
0.17851;-2804.54
0.17852;-2803.7
0.17853;-2802.86
0.17854;-2802.01
0.17855;-2801.17
0.17856;-2800.32
0.17857;-2799.48
0.17858;-2798.64
0.17859;-2797.79
0.1786;-2796.95
0.17861;-2796.1
0.17862;-2795.26
0.17863;-2794.41
0.17864;-2793.57
0.17865;-2792.73
0.17866;-2791.88
0.17867;-2791.04
0.17868;-2790.19
0.17869;-2789.35
0.1787;-2788.5
0.17871;-2787.66
0.17872;-2786.82
0.17873;-2785.97
0.17874;-2785.13
0.17875;-2784.28
0.17876;-2783.44
0.17877;-2782.59
0.17878;-2781.75
0.17879;-2780.9
0.1788;-2780.06
0.17881;-2779.21
0.17882;-2778.37
0.17883;-2777.53
0.17884;-2776.68
0.17885;-2775.84
0.17886;-2774.99
0.17887;-2774.15
0.17888;-2773.3
0.17889;-2772.46
0.1789;-2771.61
0.17891;-2770.77
0.17892;-2769.92
0.17893;-2769.08
0.17894;-2768.23
0.17895;-2767.39
0.17896;-2766.54
0.17897;-2765.7
0.17898;-2764.85
0.17899;-2764.01
0.179;-2763.16
0.17901;-2762.32
0.17902;-2761.47
0.17903;-2760.63
0.17904;-2759.78
0.17905;-2758.94
0.17906;-2758.09
0.17907;-2757.25
0.17908;-2756.4
0.17909;-2755.56
0.1791;-2754.71
0.17911;-2753.87
0.17912;-2753.02
0.17913;-2752.17
0.17914;-2751.33
0.17915;-2750.48
0.17916;-2749.64
0.17917;-2748.79
0.17918;-2747.95
0.17919;-2747.1
0.1792;-2746.26
0.17921;-2745.41
0.17922;-2744.57
0.17923;-2743.72
0.17924;-2742.87
0.17925;-2742.03
0.17926;-2741.18
0.17927;-2740.34
0.17928;-2739.49
0.17929;-2738.65
0.1793;-2737.8
0.17931;-2736.95
0.17932;-2736.11
0.17933;-2735.26
0.17934;-2734.42
0.17935;-2733.57
0.17936;-2732.73
0.17937;-2731.88
0.17938;-2731.03
0.17939;-2730.19
0.1794;-2729.34
0.17941;-2728.5
0.17942;-2727.65
0.17943;-2726.8
0.17944;-2725.96
0.17945;-2725.11
0.17946;-2724.27
0.17947;-2723.42
0.17948;-2722.57
0.17949;-2721.73
0.1795;-2720.88
0.17951;-2720.03
0.17952;-2719.19
0.17953;-2718.34
0.17954;-2717.5
0.17955;-2716.65
0.17956;-2715.8
0.17957;-2714.96
0.17958;-2714.11
0.17959;-2713.26
0.1796;-2712.42
0.17961;-2711.57
0.17962;-2710.72
0.17963;-2709.88
0.17964;-2709.03
0.17965;-2708.19
0.17966;-2707.34
0.17967;-2706.49
0.17968;-2705.65
0.17969;-2704.8
0.1797;-2703.95
0.17971;-2703.11
0.17972;-2702.26
0.17973;-2701.41
0.17974;-2700.57
0.17975;-2699.72
0.17976;-2698.87
0.17977;-2698.03
0.17978;-2697.18
0.17979;-2696.33
0.1798;-2695.49
0.17981;-2694.64
0.17982;-2693.79
0.17983;-2692.94
0.17984;-2692.1
0.17985;-2691.25
0.17986;-2690.4
0.17987;-2689.56
0.17988;-2688.71
0.17989;-2687.86
0.1799;-2687.02
0.17991;-2686.17
0.17992;-2685.32
0.17993;-2684.47
0.17994;-2683.63
0.17995;-2682.78
0.17996;-2681.93
0.17997;-2681.09
0.17998;-2680.24
0.17999;-2679.39
0.18;-2678.54
0.18001;-2677.7
0.18002;-2676.85
0.18003;-2676
0.18004;-2675.15
0.18005;-2674.31
0.18006;-2673.46
0.18007;-2672.61
0.18008;-2671.76
0.18009;-2670.92
0.1801;-2670.07
0.18011;-2669.22
0.18012;-2668.37
0.18013;-2667.53
0.18014;-2666.68
0.18015;-2665.83
0.18016;-2664.98
0.18017;-2664.14
0.18018;-2663.29
0.18019;-2662.44
0.1802;-2661.59
0.18021;-2660.75
0.18022;-2659.9
0.18023;-2659.05
0.18024;-2658.2
0.18025;-2657.35
0.18026;-2656.51
0.18027;-2655.66
0.18028;-2654.81
0.18029;-2653.96
0.1803;-2653.12
0.18031;-2652.27
0.18032;-2651.42
0.18033;-2650.57
0.18034;-2649.72
0.18035;-2648.88
0.18036;-2648.03
0.18037;-2647.18
0.18038;-2646.33
0.18039;-2645.48
0.1804;-2644.63
0.18041;-2643.79
0.18042;-2642.94
0.18043;-2642.09
0.18044;-2641.24
0.18045;-2640.39
0.18046;-2639.55
0.18047;-2638.7
0.18048;-2637.85
0.18049;-2637
0.1805;-2636.15
0.18051;-2635.3
0.18052;-2634.46
0.18053;-2633.61
0.18054;-2632.76
0.18055;-2631.91
0.18056;-2631.06
0.18057;-2630.21
0.18058;-2629.36
0.18059;-2628.52
0.1806;-2627.67
0.18061;-2626.82
0.18062;-2625.97
0.18063;-2625.12
0.18064;-2624.27
0.18065;-2623.42
0.18066;-2622.58
0.18067;-2621.73
0.18068;-2620.88
0.18069;-2620.03
0.1807;-2619.18
0.18071;-2618.33
0.18072;-2617.48
0.18073;-2616.63
0.18074;-2615.78
0.18075;-2614.94
0.18076;-2614.09
0.18077;-2613.24
0.18078;-2612.39
0.18079;-2611.54
0.1808;-2610.69
0.18081;-2609.84
0.18082;-2608.99
0.18083;-2608.14
0.18084;-2607.3
0.18085;-2606.45
0.18086;-2605.6
0.18087;-2604.75
0.18088;-2603.9
0.18089;-2603.05
0.1809;-2602.2
0.18091;-2601.35
0.18092;-2600.5
0.18093;-2599.65
0.18094;-2598.8
0.18095;-2597.95
0.18096;-2597.1
0.18097;-2596.25
0.18098;-2595.41
0.18099;-2594.56
0.181;-2593.71
0.18101;-2592.86
0.18102;-2592.01
0.18103;-2591.16
0.18104;-2590.31
0.18105;-2589.46
0.18106;-2588.61
0.18107;-2587.76
0.18108;-2586.91
0.18109;-2586.06
0.1811;-2585.21
0.18111;-2584.36
0.18112;-2583.51
0.18113;-2582.66
0.18114;-2581.81
0.18115;-2580.96
0.18116;-2580.11
0.18117;-2579.26
0.18118;-2578.41
0.18119;-2577.56
0.1812;-2576.71
0.18121;-2575.86
0.18122;-2575.01
0.18123;-2574.16
0.18124;-2573.31
0.18125;-2572.46
0.18126;-2571.61
0.18127;-2570.76
0.18128;-2569.91
0.18129;-2569.06
0.1813;-2568.21
0.18131;-2567.36
0.18132;-2566.51
0.18133;-2565.66
0.18134;-2564.81
0.18135;-2563.96
0.18136;-2563.11
0.18137;-2562.26
0.18138;-2561.41
0.18139;-2560.56
0.1814;-2559.71
0.18141;-2558.86
0.18142;-2558.01
0.18143;-2557.16
0.18144;-2556.31
0.18145;-2555.46
0.18146;-2554.61
0.18147;-2553.76
0.18148;-2552.91
0.18149;-2552.06
0.1815;-2551.21
0.18151;-2550.36
0.18152;-2549.51
0.18153;-2548.66
0.18154;-2547.81
0.18155;-2546.96
0.18156;-2546.1
0.18157;-2545.25
0.18158;-2544.4
0.18159;-2543.55
0.1816;-2542.7
0.18161;-2541.85
0.18162;-2541
0.18163;-2540.15
0.18164;-2539.3
0.18165;-2538.45
0.18166;-2537.6
0.18167;-2536.75
0.18168;-2535.9
0.18169;-2535.05
0.1817;-2534.19
0.18171;-2533.34
0.18172;-2532.49
0.18173;-2531.64
0.18174;-2530.79
0.18175;-2529.94
0.18176;-2529.09
0.18177;-2528.24
0.18178;-2527.39
0.18179;-2526.54
0.1818;-2525.68
0.18181;-2524.83
0.18182;-2523.98
0.18183;-2523.13
0.18184;-2522.28
0.18185;-2521.43
0.18186;-2520.58
0.18187;-2519.73
0.18188;-2518.87
0.18189;-2518.02
0.1819;-2517.17
0.18191;-2516.32
0.18192;-2515.47
0.18193;-2514.62
0.18194;-2513.77
0.18195;-2512.92
0.18196;-2512.06
0.18197;-2511.21
0.18198;-2510.36
0.18199;-2509.51
0.182;-2508.66
0.18201;-2507.81
0.18202;-2506.95
0.18203;-2506.1
0.18204;-2505.25
0.18205;-2504.4
0.18206;-2503.55
0.18207;-2502.7
0.18208;-2501.84
0.18209;-2500.99
0.1821;-2500.14
0.18211;-2499.29
0.18212;-2498.44
0.18213;-2497.59
0.18214;-2496.73
0.18215;-2495.88
0.18216;-2495.03
0.18217;-2494.18
0.18218;-2493.33
0.18219;-2492.48
0.1822;-2491.62
0.18221;-2490.77
0.18222;-2489.92
0.18223;-2489.07
0.18224;-2488.22
0.18225;-2487.36
0.18226;-2486.51
0.18227;-2485.66
0.18228;-2484.81
0.18229;-2483.95
0.1823;-2483.1
0.18231;-2482.25
0.18232;-2481.4
0.18233;-2480.55
0.18234;-2479.69
0.18235;-2478.84
0.18236;-2477.99
0.18237;-2477.14
0.18238;-2476.29
0.18239;-2475.43
0.1824;-2474.58
0.18241;-2473.73
0.18242;-2472.88
0.18243;-2472.02
0.18244;-2471.17
0.18245;-2470.32
0.18246;-2469.47
0.18247;-2468.61
0.18248;-2467.76
0.18249;-2466.91
0.1825;-2466.06
0.18251;-2465.2
0.18252;-2464.35
0.18253;-2463.5
0.18254;-2462.65
0.18255;-2461.79
0.18256;-2460.94
0.18257;-2460.09
0.18258;-2459.23
0.18259;-2458.38
0.1826;-2457.53
0.18261;-2456.68
0.18262;-2455.82
0.18263;-2454.97
0.18264;-2454.12
0.18265;-2453.27
0.18266;-2452.41
0.18267;-2451.56
0.18268;-2450.71
0.18269;-2449.85
0.1827;-2449
0.18271;-2448.15
0.18272;-2447.3
0.18273;-2446.44
0.18274;-2445.59
0.18275;-2444.74
0.18276;-2443.88
0.18277;-2443.03
0.18278;-2442.18
0.18279;-2441.32
0.1828;-2440.47
0.18281;-2439.62
0.18282;-2438.76
0.18283;-2437.91
0.18284;-2437.06
0.18285;-2436.2
0.18286;-2435.35
0.18287;-2434.5
0.18288;-2433.64
0.18289;-2432.79
0.1829;-2431.94
0.18291;-2431.08
0.18292;-2430.23
0.18293;-2429.38
0.18294;-2428.52
0.18295;-2427.67
0.18296;-2426.82
0.18297;-2425.96
0.18298;-2425.11
0.18299;-2424.26
0.183;-2423.4
0.18301;-2422.55
0.18302;-2421.7
0.18303;-2420.84
0.18304;-2419.99
0.18305;-2419.14
0.18306;-2418.28
0.18307;-2417.43
0.18308;-2416.57
0.18309;-2415.72
0.1831;-2414.87
0.18311;-2414.01
0.18312;-2413.16
0.18313;-2412.31
0.18314;-2411.45
0.18315;-2410.6
0.18316;-2409.74
0.18317;-2408.89
0.18318;-2408.04
0.18319;-2407.18
0.1832;-2406.33
0.18321;-2405.48
0.18322;-2404.62
0.18323;-2403.77
0.18324;-2402.91
0.18325;-2402.06
0.18326;-2401.21
0.18327;-2400.35
0.18328;-2399.5
0.18329;-2398.64
0.1833;-2397.79
0.18331;-2396.93
0.18332;-2396.08
0.18333;-2395.23
0.18334;-2394.37
0.18335;-2393.52
0.18336;-2392.66
0.18337;-2391.81
0.18338;-2390.96
0.18339;-2390.1
0.1834;-2389.25
0.18341;-2388.39
0.18342;-2387.54
0.18343;-2386.68
0.18344;-2385.83
0.18345;-2384.97
0.18346;-2384.12
0.18347;-2383.27
0.18348;-2382.41
0.18349;-2381.56
0.1835;-2380.7
0.18351;-2379.85
0.18352;-2378.99
0.18353;-2378.14
0.18354;-2377.28
0.18355;-2376.43
0.18356;-2375.57
0.18357;-2374.72
0.18358;-2373.87
0.18359;-2373.01
0.1836;-2372.16
0.18361;-2371.3
0.18362;-2370.45
0.18363;-2369.59
0.18364;-2368.74
0.18365;-2367.88
0.18366;-2367.03
0.18367;-2366.17
0.18368;-2365.32
0.18369;-2364.46
0.1837;-2363.61
0.18371;-2362.75
0.18372;-2361.9
0.18373;-2361.04
0.18374;-2360.19
0.18375;-2359.33
0.18376;-2358.48
0.18377;-2357.62
0.18378;-2356.77
0.18379;-2355.91
0.1838;-2355.06
0.18381;-2354.2
0.18382;-2353.35
0.18383;-2352.49
0.18384;-2351.64
0.18385;-2350.78
0.18386;-2349.93
0.18387;-2349.07
0.18388;-2348.22
0.18389;-2347.36
0.1839;-2346.51
0.18391;-2345.65
0.18392;-2344.8
0.18393;-2343.94
0.18394;-2343.08
0.18395;-2342.23
0.18396;-2341.37
0.18397;-2340.52
0.18398;-2339.66
0.18399;-2338.81
0.184;-2337.95
0.18401;-2337.1
0.18402;-2336.24
0.18403;-2335.39
0.18404;-2334.53
0.18405;-2333.67
0.18406;-2332.82
0.18407;-2331.96
0.18408;-2331.11
0.18409;-2330.25
0.1841;-2329.4
0.18411;-2328.54
0.18412;-2327.68
0.18413;-2326.83
0.18414;-2325.97
0.18415;-2325.12
0.18416;-2324.26
0.18417;-2323.41
0.18418;-2322.55
0.18419;-2321.69
0.1842;-2320.84
0.18421;-2319.98
0.18422;-2319.13
0.18423;-2318.27
0.18424;-2317.42
0.18425;-2316.56
0.18426;-2315.7
0.18427;-2314.85
0.18428;-2313.99
0.18429;-2313.14
0.1843;-2312.28
0.18431;-2311.42
0.18432;-2310.57
0.18433;-2309.71
0.18434;-2308.85
0.18435;-2308
0.18436;-2307.14
0.18437;-2306.29
0.18438;-2305.43
0.18439;-2304.57
0.1844;-2303.72
0.18441;-2302.86
0.18442;-2302.01
0.18443;-2301.15
0.18444;-2300.29
0.18445;-2299.44
0.18446;-2298.58
0.18447;-2297.72
0.18448;-2296.87
0.18449;-2296.01
0.1845;-2295.15
0.18451;-2294.3
0.18452;-2293.44
0.18453;-2292.58
0.18454;-2291.73
0.18455;-2290.87
0.18456;-2290.02
0.18457;-2289.16
0.18458;-2288.3
0.18459;-2287.45
0.1846;-2286.59
0.18461;-2285.73
0.18462;-2284.88
0.18463;-2284.02
0.18464;-2283.16
0.18465;-2282.31
0.18466;-2281.45
0.18467;-2280.59
0.18468;-2279.74
0.18469;-2278.88
0.1847;-2278.02
0.18471;-2277.17
0.18472;-2276.31
0.18473;-2275.45
0.18474;-2274.59
0.18475;-2273.74
0.18476;-2272.88
0.18477;-2272.02
0.18478;-2271.17
0.18479;-2270.31
0.1848;-2269.45
0.18481;-2268.6
0.18482;-2267.74
0.18483;-2266.88
0.18484;-2266.02
0.18485;-2265.17
0.18486;-2264.31
0.18487;-2263.45
0.18488;-2262.6
0.18489;-2261.74
0.1849;-2260.88
0.18491;-2260.02
0.18492;-2259.17
0.18493;-2258.31
0.18494;-2257.45
0.18495;-2256.6
0.18496;-2255.74
0.18497;-2254.88
0.18498;-2254.02
0.18499;-2253.17
0.185;-2252.31
0.18501;-2251.45
0.18502;-2250.59
0.18503;-2249.74
0.18504;-2248.88
0.18505;-2248.02
0.18506;-2247.16
0.18507;-2246.31
0.18508;-2245.45
0.18509;-2244.59
0.1851;-2243.73
0.18511;-2242.88
0.18512;-2242.02
0.18513;-2241.16
0.18514;-2240.3
0.18515;-2239.45
0.18516;-2238.59
0.18517;-2237.73
0.18518;-2236.87
0.18519;-2236.02
0.1852;-2235.16
0.18521;-2234.3
0.18522;-2233.44
0.18523;-2232.59
0.18524;-2231.73
0.18525;-2230.87
0.18526;-2230.01
0.18527;-2229.15
0.18528;-2228.3
0.18529;-2227.44
0.1853;-2226.58
0.18531;-2225.72
0.18532;-2224.86
0.18533;-2224.01
0.18534;-2223.15
0.18535;-2222.29
0.18536;-2221.43
0.18537;-2220.57
0.18538;-2219.72
0.18539;-2218.86
0.1854;-2218
0.18541;-2217.14
0.18542;-2216.28
0.18543;-2215.43
0.18544;-2214.57
0.18545;-2213.71
0.18546;-2212.85
0.18547;-2211.99
0.18548;-2211.14
0.18549;-2210.28
0.1855;-2209.42
0.18551;-2208.56
0.18552;-2207.7
0.18553;-2206.84
0.18554;-2205.99
0.18555;-2205.13
0.18556;-2204.27
0.18557;-2203.41
0.18558;-2202.55
0.18559;-2201.69
0.1856;-2200.84
0.18561;-2199.98
0.18562;-2199.12
0.18563;-2198.26
0.18564;-2197.4
0.18565;-2196.54
0.18566;-2195.68
0.18567;-2194.83
0.18568;-2193.97
0.18569;-2193.11
0.1857;-2192.25
0.18571;-2191.39
0.18572;-2190.53
0.18573;-2189.67
0.18574;-2188.81
0.18575;-2187.96
0.18576;-2187.1
0.18577;-2186.24
0.18578;-2185.38
0.18579;-2184.52
0.1858;-2183.66
0.18581;-2182.8
0.18582;-2181.94
0.18583;-2181.09
0.18584;-2180.23
0.18585;-2179.37
0.18586;-2178.51
0.18587;-2177.65
0.18588;-2176.79
0.18589;-2175.93
0.1859;-2175.07
0.18591;-2174.21
0.18592;-2173.36
0.18593;-2172.5
0.18594;-2171.64
0.18595;-2170.78
0.18596;-2169.92
0.18597;-2169.06
0.18598;-2168.2
0.18599;-2167.34
0.186;-2166.48
0.18601;-2165.62
0.18602;-2164.76
0.18603;-2163.91
0.18604;-2163.05
0.18605;-2162.19
0.18606;-2161.33
0.18607;-2160.47
0.18608;-2159.61
0.18609;-2158.75
0.1861;-2157.89
0.18611;-2157.03
0.18612;-2156.17
0.18613;-2155.31
0.18614;-2154.45
0.18615;-2153.59
0.18616;-2152.73
0.18617;-2151.87
0.18618;-2151.01
0.18619;-2150.16
0.1862;-2149.3
0.18621;-2148.44
0.18622;-2147.58
0.18623;-2146.72
0.18624;-2145.86
0.18625;-2145
0.18626;-2144.14
0.18627;-2143.28
0.18628;-2142.42
0.18629;-2141.56
0.1863;-2140.7
0.18631;-2139.84
0.18632;-2138.98
0.18633;-2138.12
0.18634;-2137.26
0.18635;-2136.4
0.18636;-2135.54
0.18637;-2134.68
0.18638;-2133.82
0.18639;-2132.96
0.1864;-2132.1
0.18641;-2131.24
0.18642;-2130.38
0.18643;-2129.52
0.18644;-2128.66
0.18645;-2127.8
0.18646;-2126.94
0.18647;-2126.08
0.18648;-2125.22
0.18649;-2124.36
0.1865;-2123.5
0.18651;-2122.64
0.18652;-2121.78
0.18653;-2120.92
0.18654;-2120.06
0.18655;-2119.2
0.18656;-2118.34
0.18657;-2117.48
0.18658;-2116.62
0.18659;-2115.76
0.1866;-2114.9
0.18661;-2114.04
0.18662;-2113.18
0.18663;-2112.32
0.18664;-2111.46
0.18665;-2110.6
0.18666;-2109.74
0.18667;-2108.88
0.18668;-2108.02
0.18669;-2107.16
0.1867;-2106.3
0.18671;-2105.44
0.18672;-2104.58
0.18673;-2103.72
0.18674;-2102.86
0.18675;-2102
0.18676;-2101.14
0.18677;-2100.28
0.18678;-2099.41
0.18679;-2098.55
0.1868;-2097.69
0.18681;-2096.83
0.18682;-2095.97
0.18683;-2095.11
0.18684;-2094.25
0.18685;-2093.39
0.18686;-2092.53
0.18687;-2091.67
0.18688;-2090.81
0.18689;-2089.95
0.1869;-2089.09
0.18691;-2088.23
0.18692;-2087.37
0.18693;-2086.5
0.18694;-2085.64
0.18695;-2084.78
0.18696;-2083.92
0.18697;-2083.06
0.18698;-2082.2
0.18699;-2081.34
0.187;-2080.48
0.18701;-2079.62
0.18702;-2078.76
0.18703;-2077.9
0.18704;-2077.04
0.18705;-2076.17
0.18706;-2075.31
0.18707;-2074.45
0.18708;-2073.59
0.18709;-2072.73
0.1871;-2071.87
0.18711;-2071.01
0.18712;-2070.15
0.18713;-2069.29
0.18714;-2068.42
0.18715;-2067.56
0.18716;-2066.7
0.18717;-2065.84
0.18718;-2064.98
0.18719;-2064.12
0.1872;-2063.26
0.18721;-2062.4
0.18722;-2061.54
0.18723;-2060.67
0.18724;-2059.81
0.18725;-2058.95
0.18726;-2058.09
0.18727;-2057.23
0.18728;-2056.37
0.18729;-2055.51
0.1873;-2054.64
0.18731;-2053.78
0.18732;-2052.92
0.18733;-2052.06
0.18734;-2051.2
0.18735;-2050.34
0.18736;-2049.48
0.18737;-2048.61
0.18738;-2047.75
0.18739;-2046.89
0.1874;-2046.03
0.18741;-2045.17
0.18742;-2044.31
0.18743;-2043.44
0.18744;-2042.58
0.18745;-2041.72
0.18746;-2040.86
0.18747;-2040
0.18748;-2039.14
0.18749;-2038.27
0.1875;-2037.41
0.18751;-2036.55
0.18752;-2035.69
0.18753;-2034.83
0.18754;-2033.97
0.18755;-2033.1
0.18756;-2032.24
0.18757;-2031.38
0.18758;-2030.52
0.18759;-2029.66
0.1876;-2028.79
0.18761;-2027.93
0.18762;-2027.07
0.18763;-2026.21
0.18764;-2025.35
0.18765;-2024.49
0.18766;-2023.62
0.18767;-2022.76
0.18768;-2021.9
0.18769;-2021.04
0.1877;-2020.18
0.18771;-2019.31
0.18772;-2018.45
0.18773;-2017.59
0.18774;-2016.73
0.18775;-2015.86
0.18776;-2015
0.18777;-2014.14
0.18778;-2013.28
0.18779;-2012.42
0.1878;-2011.55
0.18781;-2010.69
0.18782;-2009.83
0.18783;-2008.97
0.18784;-2008.1
0.18785;-2007.24
0.18786;-2006.38
0.18787;-2005.52
0.18788;-2004.66
0.18789;-2003.79
0.1879;-2002.93
0.18791;-2002.07
0.18792;-2001.21
0.18793;-2000.34
0.18794;-1999.48
0.18795;-1998.62
0.18796;-1997.76
0.18797;-1996.89
0.18798;-1996.03
0.18799;-1995.17
0.188;-1994.31
0.18801;-1993.44
0.18802;-1992.58
0.18803;-1991.72
0.18804;-1990.86
0.18805;-1989.99
0.18806;-1989.13
0.18807;-1988.27
0.18808;-1987.4
0.18809;-1986.54
0.1881;-1985.68
0.18811;-1984.82
0.18812;-1983.95
0.18813;-1983.09
0.18814;-1982.23
0.18815;-1981.37
0.18816;-1980.5
0.18817;-1979.64
0.18818;-1978.78
0.18819;-1977.91
0.1882;-1977.05
0.18821;-1976.19
0.18822;-1975.33
0.18823;-1974.46
0.18824;-1973.6
0.18825;-1972.74
0.18826;-1971.87
0.18827;-1971.01
0.18828;-1970.15
0.18829;-1969.28
0.1883;-1968.42
0.18831;-1967.56
0.18832;-1966.7
0.18833;-1965.83
0.18834;-1964.97
0.18835;-1964.11
0.18836;-1963.24
0.18837;-1962.38
0.18838;-1961.52
0.18839;-1960.65
0.1884;-1959.79
0.18841;-1958.93
0.18842;-1958.06
0.18843;-1957.2
0.18844;-1956.34
0.18845;-1955.47
0.18846;-1954.61
0.18847;-1953.75
0.18848;-1952.88
0.18849;-1952.02
0.1885;-1951.16
0.18851;-1950.29
0.18852;-1949.43
0.18853;-1948.57
0.18854;-1947.7
0.18855;-1946.84
0.18856;-1945.98
0.18857;-1945.11
0.18858;-1944.25
0.18859;-1943.39
0.1886;-1942.52
0.18861;-1941.66
0.18862;-1940.8
0.18863;-1939.93
0.18864;-1939.07
0.18865;-1938.21
0.18866;-1937.34
0.18867;-1936.48
0.18868;-1935.61
0.18869;-1934.75
0.1887;-1933.89
0.18871;-1933.02
0.18872;-1932.16
0.18873;-1931.3
0.18874;-1930.43
0.18875;-1929.57
0.18876;-1928.7
0.18877;-1927.84
0.18878;-1926.98
0.18879;-1926.11
0.1888;-1925.25
0.18881;-1924.39
0.18882;-1923.52
0.18883;-1922.66
0.18884;-1921.79
0.18885;-1920.93
0.18886;-1920.07
0.18887;-1919.2
0.18888;-1918.34
0.18889;-1917.47
0.1889;-1916.61
0.18891;-1915.75
0.18892;-1914.88
0.18893;-1914.02
0.18894;-1913.15
0.18895;-1912.29
0.18896;-1911.43
0.18897;-1910.56
0.18898;-1909.7
0.18899;-1908.83
0.189;-1907.97
0.18901;-1907.11
0.18902;-1906.24
0.18903;-1905.38
0.18904;-1904.51
0.18905;-1903.65
0.18906;-1902.78
0.18907;-1901.92
0.18908;-1901.06
0.18909;-1900.19
0.1891;-1899.33
0.18911;-1898.46
0.18912;-1897.6
0.18913;-1896.73
0.18914;-1895.87
0.18915;-1895.01
0.18916;-1894.14
0.18917;-1893.28
0.18918;-1892.41
0.18919;-1891.55
0.1892;-1890.68
0.18921;-1889.82
0.18922;-1888.95
0.18923;-1888.09
0.18924;-1887.23
0.18925;-1886.36
0.18926;-1885.5
0.18927;-1884.63
0.18928;-1883.77
0.18929;-1882.9
0.1893;-1882.04
0.18931;-1881.17
0.18932;-1880.31
0.18933;-1879.44
0.18934;-1878.58
0.18935;-1877.71
0.18936;-1876.85
0.18937;-1875.98
0.18938;-1875.12
0.18939;-1874.26
0.1894;-1873.39
0.18941;-1872.53
0.18942;-1871.66
0.18943;-1870.8
0.18944;-1869.93
0.18945;-1869.07
0.18946;-1868.2
0.18947;-1867.34
0.18948;-1866.47
0.18949;-1865.61
0.1895;-1864.74
0.18951;-1863.88
0.18952;-1863.01
0.18953;-1862.15
0.18954;-1861.28
0.18955;-1860.42
0.18956;-1859.55
0.18957;-1858.69
0.18958;-1857.82
0.18959;-1856.96
0.1896;-1856.09
0.18961;-1855.23
0.18962;-1854.36
0.18963;-1853.5
0.18964;-1852.63
0.18965;-1851.77
0.18966;-1850.9
0.18967;-1850.04
0.18968;-1849.17
0.18969;-1848.31
0.1897;-1847.44
0.18971;-1846.58
0.18972;-1845.71
0.18973;-1844.84
0.18974;-1843.98
0.18975;-1843.11
0.18976;-1842.25
0.18977;-1841.38
0.18978;-1840.52
0.18979;-1839.65
0.1898;-1838.79
0.18981;-1837.92
0.18982;-1837.06
0.18983;-1836.19
0.18984;-1835.33
0.18985;-1834.46
0.18986;-1833.6
0.18987;-1832.73
0.18988;-1831.86
0.18989;-1831
0.1899;-1830.13
0.18991;-1829.27
0.18992;-1828.4
0.18993;-1827.54
0.18994;-1826.67
0.18995;-1825.81
0.18996;-1824.94
0.18997;-1824.07
0.18998;-1823.21
0.18999;-1822.34
0.19;-1821.48
0.19001;-1820.61
0.19002;-1819.75
0.19003;-1818.88
0.19004;-1818.01
0.19005;-1817.15
0.19006;-1816.28
0.19007;-1815.42
0.19008;-1814.55
0.19009;-1813.69
0.1901;-1812.82
0.19011;-1811.95
0.19012;-1811.09
0.19013;-1810.22
0.19014;-1809.36
0.19015;-1808.49
0.19016;-1807.62
0.19017;-1806.76
0.19018;-1805.89
0.19019;-1805.03
0.1902;-1804.16
0.19021;-1803.29
0.19022;-1802.43
0.19023;-1801.56
0.19024;-1800.7
0.19025;-1799.83
0.19026;-1798.96
0.19027;-1798.1
0.19028;-1797.23
0.19029;-1796.37
0.1903;-1795.5
0.19031;-1794.63
0.19032;-1793.77
0.19033;-1792.9
0.19034;-1792.04
0.19035;-1791.17
0.19036;-1790.3
0.19037;-1789.44
0.19038;-1788.57
0.19039;-1787.7
0.1904;-1786.84
0.19041;-1785.97
0.19042;-1785.11
0.19043;-1784.24
0.19044;-1783.37
0.19045;-1782.51
0.19046;-1781.64
0.19047;-1780.77
0.19048;-1779.91
0.19049;-1779.04
0.1905;-1778.17
0.19051;-1777.31
0.19052;-1776.44
0.19053;-1775.58
0.19054;-1774.71
0.19055;-1773.84
0.19056;-1772.98
0.19057;-1772.11
0.19058;-1771.24
0.19059;-1770.38
0.1906;-1769.51
0.19061;-1768.64
0.19062;-1767.78
0.19063;-1766.91
0.19064;-1766.04
0.19065;-1765.18
0.19066;-1764.31
0.19067;-1763.44
0.19068;-1762.58
0.19069;-1761.71
0.1907;-1760.84
0.19071;-1759.98
0.19072;-1759.11
0.19073;-1758.24
0.19074;-1757.38
0.19075;-1756.51
0.19076;-1755.64
0.19077;-1754.78
0.19078;-1753.91
0.19079;-1753.04
0.1908;-1752.18
0.19081;-1751.31
0.19082;-1750.44
0.19083;-1749.58
0.19084;-1748.71
0.19085;-1747.84
0.19086;-1746.97
0.19087;-1746.11
0.19088;-1745.24
0.19089;-1744.37
0.1909;-1743.51
0.19091;-1742.64
0.19092;-1741.77
0.19093;-1740.91
0.19094;-1740.04
0.19095;-1739.17
0.19096;-1738.3
0.19097;-1737.44
0.19098;-1736.57
0.19099;-1735.7
0.191;-1734.84
0.19101;-1733.97
0.19102;-1733.1
0.19103;-1732.23
0.19104;-1731.37
0.19105;-1730.5
0.19106;-1729.63
0.19107;-1728.77
0.19108;-1727.9
0.19109;-1727.03
0.1911;-1726.16
0.19111;-1725.3
0.19112;-1724.43
0.19113;-1723.56
0.19114;-1722.69
0.19115;-1721.83
0.19116;-1720.96
0.19117;-1720.09
0.19118;-1719.23
0.19119;-1718.36
0.1912;-1717.49
0.19121;-1716.62
0.19122;-1715.76
0.19123;-1714.89
0.19124;-1714.02
0.19125;-1713.15
0.19126;-1712.29
0.19127;-1711.42
0.19128;-1710.55
0.19129;-1709.68
0.1913;-1708.82
0.19131;-1707.95
0.19132;-1707.08
0.19133;-1706.21
0.19134;-1705.35
0.19135;-1704.48
0.19136;-1703.61
0.19137;-1702.74
0.19138;-1701.87
0.19139;-1701.01
0.1914;-1700.14
0.19141;-1699.27
0.19142;-1698.4
0.19143;-1697.54
0.19144;-1696.67
0.19145;-1695.8
0.19146;-1694.93
0.19147;-1694.07
0.19148;-1693.2
0.19149;-1692.33
0.1915;-1691.46
0.19151;-1690.59
0.19152;-1689.73
0.19153;-1688.86
0.19154;-1687.99
0.19155;-1687.12
0.19156;-1686.25
0.19157;-1685.39
0.19158;-1684.52
0.19159;-1683.65
0.1916;-1682.78
0.19161;-1681.91
0.19162;-1681.05
0.19163;-1680.18
0.19164;-1679.31
0.19165;-1678.44
0.19166;-1677.57
0.19167;-1676.71
0.19168;-1675.84
0.19169;-1674.97
0.1917;-1674.1
0.19171;-1673.23
0.19172;-1672.37
0.19173;-1671.5
0.19174;-1670.63
0.19175;-1669.76
0.19176;-1668.89
0.19177;-1668.03
0.19178;-1667.16
0.19179;-1666.29
0.1918;-1665.42
0.19181;-1664.55
0.19182;-1663.68
0.19183;-1662.82
0.19184;-1661.95
0.19185;-1661.08
0.19186;-1660.21
0.19187;-1659.34
0.19188;-1658.47
0.19189;-1657.61
0.1919;-1656.74
0.19191;-1655.87
0.19192;-1655
0.19193;-1654.13
0.19194;-1653.26
0.19195;-1652.4
0.19196;-1651.53
0.19197;-1650.66
0.19198;-1649.79
0.19199;-1648.92
0.192;-1648.05
0.19201;-1647.18
0.19202;-1646.32
0.19203;-1645.45
0.19204;-1644.58
0.19205;-1643.71
0.19206;-1642.84
0.19207;-1641.97
0.19208;-1641.1
0.19209;-1640.24
0.1921;-1639.37
0.19211;-1638.5
0.19212;-1637.63
0.19213;-1636.76
0.19214;-1635.89
0.19215;-1635.02
0.19216;-1634.16
0.19217;-1633.29
0.19218;-1632.42
0.19219;-1631.55
0.1922;-1630.68
0.19221;-1629.81
0.19222;-1628.94
0.19223;-1628.07
0.19224;-1627.21
0.19225;-1626.34
0.19226;-1625.47
0.19227;-1624.6
0.19228;-1623.73
0.19229;-1622.86
0.1923;-1621.99
0.19231;-1621.12
0.19232;-1620.25
0.19233;-1619.39
0.19234;-1618.52
0.19235;-1617.65
0.19236;-1616.78
0.19237;-1615.91
0.19238;-1615.04
0.19239;-1614.17
0.1924;-1613.3
0.19241;-1612.43
0.19242;-1611.56
0.19243;-1610.7
0.19244;-1609.83
0.19245;-1608.96
0.19246;-1608.09
0.19247;-1607.22
0.19248;-1606.35
0.19249;-1605.48
0.1925;-1604.61
0.19251;-1603.74
0.19252;-1602.87
0.19253;-1602
0.19254;-1601.13
0.19255;-1600.27
0.19256;-1599.4
0.19257;-1598.53
0.19258;-1597.66
0.19259;-1596.79
0.1926;-1595.92
0.19261;-1595.05
0.19262;-1594.18
0.19263;-1593.31
0.19264;-1592.44
0.19265;-1591.57
0.19266;-1590.7
0.19267;-1589.83
0.19268;-1588.96
0.19269;-1588.09
0.1927;-1587.22
0.19271;-1586.36
0.19272;-1585.49
0.19273;-1584.62
0.19274;-1583.75
0.19275;-1582.88
0.19276;-1582.01
0.19277;-1581.14
0.19278;-1580.27
0.19279;-1579.4
0.1928;-1578.53
0.19281;-1577.66
0.19282;-1576.79
0.19283;-1575.92
0.19284;-1575.05
0.19285;-1574.18
0.19286;-1573.31
0.19287;-1572.44
0.19288;-1571.57
0.19289;-1570.7
0.1929;-1569.83
0.19291;-1568.96
0.19292;-1568.09
0.19293;-1567.22
0.19294;-1566.35
0.19295;-1565.49
0.19296;-1564.62
0.19297;-1563.75
0.19298;-1562.88
0.19299;-1562.01
0.193;-1561.14
0.19301;-1560.27
0.19302;-1559.4
0.19303;-1558.53
0.19304;-1557.66
0.19305;-1556.79
0.19306;-1555.92
0.19307;-1555.05
0.19308;-1554.18
0.19309;-1553.31
0.1931;-1552.44
0.19311;-1551.57
0.19312;-1550.7
0.19313;-1549.83
0.19314;-1548.96
0.19315;-1548.09
0.19316;-1547.22
0.19317;-1546.35
0.19318;-1545.48
0.19319;-1544.61
0.1932;-1543.74
0.19321;-1542.87
0.19322;-1542
0.19323;-1541.13
0.19324;-1540.26
0.19325;-1539.39
0.19326;-1538.52
0.19327;-1537.65
0.19328;-1536.78
0.19329;-1535.91
0.1933;-1535.04
0.19331;-1534.17
0.19332;-1533.3
0.19333;-1532.43
0.19334;-1531.55
0.19335;-1530.68
0.19336;-1529.81
0.19337;-1528.94
0.19338;-1528.07
0.19339;-1527.2
0.1934;-1526.33
0.19341;-1525.46
0.19342;-1524.59
0.19343;-1523.72
0.19344;-1522.85
0.19345;-1521.98
0.19346;-1521.11
0.19347;-1520.24
0.19348;-1519.37
0.19349;-1518.5
0.1935;-1517.63
0.19351;-1516.76
0.19352;-1515.89
0.19353;-1515.02
0.19354;-1514.15
0.19355;-1513.28
0.19356;-1512.41
0.19357;-1511.54
0.19358;-1510.67
0.19359;-1509.79
0.1936;-1508.92
0.19361;-1508.05
0.19362;-1507.18
0.19363;-1506.31
0.19364;-1505.44
0.19365;-1504.57
0.19366;-1503.7
0.19367;-1502.83
0.19368;-1501.96
0.19369;-1501.09
0.1937;-1500.22
0.19371;-1499.35
0.19372;-1498.48
0.19373;-1497.61
0.19374;-1496.73
0.19375;-1495.86
0.19376;-1494.99
0.19377;-1494.12
0.19378;-1493.25
0.19379;-1492.38
0.1938;-1491.51
0.19381;-1490.64
0.19382;-1489.77
0.19383;-1488.9
0.19384;-1488.03
0.19385;-1487.16
0.19386;-1486.28
0.19387;-1485.41
0.19388;-1484.54
0.19389;-1483.67
0.1939;-1482.8
0.19391;-1481.93
0.19392;-1481.06
0.19393;-1480.19
0.19394;-1479.32
0.19395;-1478.45
0.19396;-1477.58
0.19397;-1476.7
0.19398;-1475.83
0.19399;-1474.96
0.194;-1474.09
0.19401;-1473.22
0.19402;-1472.35
0.19403;-1471.48
0.19404;-1470.61
0.19405;-1469.74
0.19406;-1468.86
0.19407;-1467.99
0.19408;-1467.12
0.19409;-1466.25
0.1941;-1465.38
0.19411;-1464.51
0.19412;-1463.64
0.19413;-1462.77
0.19414;-1461.9
0.19415;-1461.02
0.19416;-1460.15
0.19417;-1459.28
0.19418;-1458.41
0.19419;-1457.54
0.1942;-1456.67
0.19421;-1455.8
0.19422;-1454.93
0.19423;-1454.05
0.19424;-1453.18
0.19425;-1452.31
0.19426;-1451.44
0.19427;-1450.57
0.19428;-1449.7
0.19429;-1448.83
0.1943;-1447.95
0.19431;-1447.08
0.19432;-1446.21
0.19433;-1445.34
0.19434;-1444.47
0.19435;-1443.6
0.19436;-1442.73
0.19437;-1441.85
0.19438;-1440.98
0.19439;-1440.11
0.1944;-1439.24
0.19441;-1438.37
0.19442;-1437.5
0.19443;-1436.62
0.19444;-1435.75
0.19445;-1434.88
0.19446;-1434.01
0.19447;-1433.14
0.19448;-1432.27
0.19449;-1431.39
0.1945;-1430.52
0.19451;-1429.65
0.19452;-1428.78
0.19453;-1427.91
0.19454;-1427.04
0.19455;-1426.16
0.19456;-1425.29
0.19457;-1424.42
0.19458;-1423.55
0.19459;-1422.68
0.1946;-1421.81
0.19461;-1420.93
0.19462;-1420.06
0.19463;-1419.19
0.19464;-1418.32
0.19465;-1417.45
0.19466;-1416.58
0.19467;-1415.7
0.19468;-1414.83
0.19469;-1413.96
0.1947;-1413.09
0.19471;-1412.22
0.19472;-1411.34
0.19473;-1410.47
0.19474;-1409.6
0.19475;-1408.73
0.19476;-1407.86
0.19477;-1406.98
0.19478;-1406.11
0.19479;-1405.24
0.1948;-1404.37
0.19481;-1403.5
0.19482;-1402.62
0.19483;-1401.75
0.19484;-1400.88
0.19485;-1400.01
0.19486;-1399.14
0.19487;-1398.26
0.19488;-1397.39
0.19489;-1396.52
0.1949;-1395.65
0.19491;-1394.78
0.19492;-1393.9
0.19493;-1393.03
0.19494;-1392.16
0.19495;-1391.29
0.19496;-1390.41
0.19497;-1389.54
0.19498;-1388.67
0.19499;-1387.8
0.195;-1386.93
0.19501;-1386.05
0.19502;-1385.18
0.19503;-1384.31
0.19504;-1383.44
0.19505;-1382.56
0.19506;-1381.69
0.19507;-1380.82
0.19508;-1379.95
0.19509;-1379.08
0.1951;-1378.2
0.19511;-1377.33
0.19512;-1376.46
0.19513;-1375.59
0.19514;-1374.71
0.19515;-1373.84
0.19516;-1372.97
0.19517;-1372.1
0.19518;-1371.22
0.19519;-1370.35
0.1952;-1369.48
0.19521;-1368.61
0.19522;-1367.73
0.19523;-1366.86
0.19524;-1365.99
0.19525;-1365.12
0.19526;-1364.24
0.19527;-1363.37
0.19528;-1362.5
0.19529;-1361.63
0.1953;-1360.75
0.19531;-1359.88
0.19532;-1359.01
0.19533;-1358.14
0.19534;-1357.26
0.19535;-1356.39
0.19536;-1355.52
0.19537;-1354.65
0.19538;-1353.77
0.19539;-1352.9
0.1954;-1352.03
0.19541;-1351.16
0.19542;-1350.28
0.19543;-1349.41
0.19544;-1348.54
0.19545;-1347.66
0.19546;-1346.79
0.19547;-1345.92
0.19548;-1345.05
0.19549;-1344.17
0.1955;-1343.3
0.19551;-1342.43
0.19552;-1341.56
0.19553;-1340.68
0.19554;-1339.81
0.19555;-1338.94
0.19556;-1338.06
0.19557;-1337.19
0.19558;-1336.32
0.19559;-1335.45
0.1956;-1334.57
0.19561;-1333.7
0.19562;-1332.83
0.19563;-1331.95
0.19564;-1331.08
0.19565;-1330.21
0.19566;-1329.33
0.19567;-1328.46
0.19568;-1327.59
0.19569;-1326.72
0.1957;-1325.84
0.19571;-1324.97
0.19572;-1324.1
0.19573;-1323.22
0.19574;-1322.35
0.19575;-1321.48
0.19576;-1320.6
0.19577;-1319.73
0.19578;-1318.86
0.19579;-1317.99
0.1958;-1317.11
0.19581;-1316.24
0.19582;-1315.37
0.19583;-1314.49
0.19584;-1313.62
0.19585;-1312.75
0.19586;-1311.87
0.19587;-1311
0.19588;-1310.13
0.19589;-1309.25
0.1959;-1308.38
0.19591;-1307.51
0.19592;-1306.63
0.19593;-1305.76
0.19594;-1304.89
0.19595;-1304.01
0.19596;-1303.14
0.19597;-1302.27
0.19598;-1301.39
0.19599;-1300.52
0.196;-1299.65
0.19601;-1298.77
0.19602;-1297.9
0.19603;-1297.03
0.19604;-1296.15
0.19605;-1295.28
0.19606;-1294.41
0.19607;-1293.53
0.19608;-1292.66
0.19609;-1291.79
0.1961;-1290.91
0.19611;-1290.04
0.19612;-1289.17
0.19613;-1288.29
0.19614;-1287.42
0.19615;-1286.55
0.19616;-1285.67
0.19617;-1284.8
0.19618;-1283.93
0.19619;-1283.05
0.1962;-1282.18
0.19621;-1281.31
0.19622;-1280.43
0.19623;-1279.56
0.19624;-1278.68
0.19625;-1277.81
0.19626;-1276.94
0.19627;-1276.06
0.19628;-1275.19
0.19629;-1274.32
0.1963;-1273.44
0.19631;-1272.57
0.19632;-1271.7
0.19633;-1270.82
0.19634;-1269.95
0.19635;-1269.07
0.19636;-1268.2
0.19637;-1267.33
0.19638;-1266.45
0.19639;-1265.58
0.1964;-1264.71
0.19641;-1263.83
0.19642;-1262.96
0.19643;-1262.08
0.19644;-1261.21
0.19645;-1260.34
0.19646;-1259.46
0.19647;-1258.59
0.19648;-1257.72
0.19649;-1256.84
0.1965;-1255.97
0.19651;-1255.09
0.19652;-1254.22
0.19653;-1253.35
0.19654;-1252.47
0.19655;-1251.6
0.19656;-1250.72
0.19657;-1249.85
0.19658;-1248.98
0.19659;-1248.1
0.1966;-1247.23
0.19661;-1246.36
0.19662;-1245.48
0.19663;-1244.61
0.19664;-1243.73
0.19665;-1242.86
0.19666;-1241.99
0.19667;-1241.11
0.19668;-1240.24
0.19669;-1239.36
0.1967;-1238.49
0.19671;-1237.62
0.19672;-1236.74
0.19673;-1235.87
0.19674;-1234.99
0.19675;-1234.12
0.19676;-1233.24
0.19677;-1232.37
0.19678;-1231.5
0.19679;-1230.62
0.1968;-1229.75
0.19681;-1228.87
0.19682;-1228
0.19683;-1227.13
0.19684;-1226.25
0.19685;-1225.38
0.19686;-1224.5
0.19687;-1223.63
0.19688;-1222.75
0.19689;-1221.88
0.1969;-1221.01
0.19691;-1220.13
0.19692;-1219.26
0.19693;-1218.38
0.19694;-1217.51
0.19695;-1216.63
0.19696;-1215.76
0.19697;-1214.89
0.19698;-1214.01
0.19699;-1213.14
0.197;-1212.26
0.19701;-1211.39
0.19702;-1210.51
0.19703;-1209.64
0.19704;-1208.77
0.19705;-1207.89
0.19706;-1207.02
0.19707;-1206.14
0.19708;-1205.27
0.19709;-1204.39
0.1971;-1203.52
0.19711;-1202.64
0.19712;-1201.77
0.19713;-1200.9
0.19714;-1200.02
0.19715;-1199.15
0.19716;-1198.27
0.19717;-1197.4
0.19718;-1196.52
0.19719;-1195.65
0.1972;-1194.77
0.19721;-1193.9
0.19722;-1193.03
0.19723;-1192.15
0.19724;-1191.28
0.19725;-1190.4
0.19726;-1189.53
0.19727;-1188.65
0.19728;-1187.78
0.19729;-1186.9
0.1973;-1186.03
0.19731;-1185.15
0.19732;-1184.28
0.19733;-1183.4
0.19734;-1182.53
0.19735;-1181.65
0.19736;-1180.78
0.19737;-1179.91
0.19738;-1179.03
0.19739;-1178.16
0.1974;-1177.28
0.19741;-1176.41
0.19742;-1175.53
0.19743;-1174.66
0.19744;-1173.78
0.19745;-1172.91
0.19746;-1172.03
0.19747;-1171.16
0.19748;-1170.28
0.19749;-1169.41
0.1975;-1168.53
0.19751;-1167.66
0.19752;-1166.78
0.19753;-1165.91
0.19754;-1165.03
0.19755;-1164.16
0.19756;-1163.28
0.19757;-1162.41
0.19758;-1161.53
0.19759;-1160.66
0.1976;-1159.78
0.19761;-1158.91
0.19762;-1158.03
0.19763;-1157.16
0.19764;-1156.28
0.19765;-1155.41
0.19766;-1154.53
0.19767;-1153.66
0.19768;-1152.78
0.19769;-1151.91
0.1977;-1151.03
0.19771;-1150.16
0.19772;-1149.28
0.19773;-1148.41
0.19774;-1147.53
0.19775;-1146.66
0.19776;-1145.78
0.19777;-1144.91
0.19778;-1144.03
0.19779;-1143.16
0.1978;-1142.28
0.19781;-1141.41
0.19782;-1140.53
0.19783;-1139.66
0.19784;-1138.78
0.19785;-1137.91
0.19786;-1137.03
0.19787;-1136.16
0.19788;-1135.28
0.19789;-1134.41
0.1979;-1133.53
0.19791;-1132.66
0.19792;-1131.78
0.19793;-1130.91
0.19794;-1130.03
0.19795;-1129.16
0.19796;-1128.28
0.19797;-1127.41
0.19798;-1126.53
0.19799;-1125.65
0.198;-1124.78
0.19801;-1123.9
0.19802;-1123.03
0.19803;-1122.15
0.19804;-1121.28
0.19805;-1120.4
0.19806;-1119.53
0.19807;-1118.65
0.19808;-1117.78
0.19809;-1116.9
0.1981;-1116.03
0.19811;-1115.15
0.19812;-1114.28
0.19813;-1113.4
0.19814;-1112.52
0.19815;-1111.65
0.19816;-1110.77
0.19817;-1109.9
0.19818;-1109.02
0.19819;-1108.15
0.1982;-1107.27
0.19821;-1106.4
0.19822;-1105.52
0.19823;-1104.65
0.19824;-1103.77
0.19825;-1102.89
0.19826;-1102.02
0.19827;-1101.14
0.19828;-1100.27
0.19829;-1099.39
0.1983;-1098.52
0.19831;-1097.64
0.19832;-1096.77
0.19833;-1095.89
0.19834;-1095.01
0.19835;-1094.14
0.19836;-1093.26
0.19837;-1092.39
0.19838;-1091.51
0.19839;-1090.64
0.1984;-1089.76
0.19841;-1088.88
0.19842;-1088.01
0.19843;-1087.13
0.19844;-1086.26
0.19845;-1085.38
0.19846;-1084.51
0.19847;-1083.63
0.19848;-1082.75
0.19849;-1081.88
0.1985;-1081
0.19851;-1080.13
0.19852;-1079.25
0.19853;-1078.38
0.19854;-1077.5
0.19855;-1076.62
0.19856;-1075.75
0.19857;-1074.87
0.19858;-1074
0.19859;-1073.12
0.1986;-1072.24
0.19861;-1071.37
0.19862;-1070.49
0.19863;-1069.62
0.19864;-1068.74
0.19865;-1067.87
0.19866;-1066.99
0.19867;-1066.11
0.19868;-1065.24
0.19869;-1064.36
0.1987;-1063.49
0.19871;-1062.61
0.19872;-1061.73
0.19873;-1060.86
0.19874;-1059.98
0.19875;-1059.11
0.19876;-1058.23
0.19877;-1057.35
0.19878;-1056.48
0.19879;-1055.6
0.1988;-1054.73
0.19881;-1053.85
0.19882;-1052.97
0.19883;-1052.1
0.19884;-1051.22
0.19885;-1050.35
0.19886;-1049.47
0.19887;-1048.59
0.19888;-1047.72
0.19889;-1046.84
0.1989;-1045.97
0.19891;-1045.09
0.19892;-1044.21
0.19893;-1043.34
0.19894;-1042.46
0.19895;-1041.58
0.19896;-1040.71
0.19897;-1039.83
0.19898;-1038.96
0.19899;-1038.08
0.199;-1037.2
0.19901;-1036.33
0.19902;-1035.45
0.19903;-1034.58
0.19904;-1033.7
0.19905;-1032.82
0.19906;-1031.95
0.19907;-1031.07
0.19908;-1030.19
0.19909;-1029.32
0.1991;-1028.44
0.19911;-1027.57
0.19912;-1026.69
0.19913;-1025.81
0.19914;-1024.94
0.19915;-1024.06
0.19916;-1023.18
0.19917;-1022.31
0.19918;-1021.43
0.19919;-1020.55
0.1992;-1019.68
0.19921;-1018.8
0.19922;-1017.93
0.19923;-1017.05
0.19924;-1016.17
0.19925;-1015.3
0.19926;-1014.42
0.19927;-1013.54
0.19928;-1012.67
0.19929;-1011.79
0.1993;-1010.91
0.19931;-1010.04
0.19932;-1009.16
0.19933;-1008.29
0.19934;-1007.41
0.19935;-1006.53
0.19936;-1005.66
0.19937;-1004.78
0.19938;-1003.9
0.19939;-1003.03
0.1994;-1002.15
0.19941;-1001.27
0.19942;-1000.4
0.19943;-999.52
0.19944;-998.644
0.19945;-997.767
0.19946;-996.891
0.19947;-996.014
0.19948;-995.137
0.19949;-994.261
0.1995;-993.384
0.19951;-992.508
0.19952;-991.631
0.19953;-990.754
0.19954;-989.878
0.19955;-989.001
0.19956;-988.124
0.19957;-987.248
0.19958;-986.371
0.19959;-985.494
0.1996;-984.618
0.19961;-983.741
0.19962;-982.864
0.19963;-981.988
0.19964;-981.111
0.19965;-980.234
0.19966;-979.357
0.19967;-978.481
0.19968;-977.604
0.19969;-976.727
0.1997;-975.85
0.19971;-974.974
0.19972;-974.097
0.19973;-973.22
0.19974;-972.343
0.19975;-971.467
0.19976;-970.59
0.19977;-969.713
0.19978;-968.836
0.19979;-967.959
0.1998;-967.082
0.19981;-966.206
0.19982;-965.329
0.19983;-964.452
0.19984;-963.575
0.19985;-962.698
0.19986;-961.821
0.19987;-960.944
0.19988;-960.067
0.19989;-959.191
0.1999;-958.314
0.19991;-957.437
0.19992;-956.56
0.19993;-955.683
0.19994;-954.806
0.19995;-953.929
0.19996;-953.052
0.19997;-952.175
0.19998;-951.298
0.19999;-950.421
